"iid","nid","tid","parent_iid"
"1","1481","3582",NULL
"2","912","1071",NULL
"3","41611","194",NULL
"4","97424","3533",NULL
"5","1174","1813",NULL
"6","1567","2463",NULL
"7","716","1628",NULL
"8","1461","593",NULL
"9","276","385",NULL
"10","90311","3509",NULL
"11","1476","1306",NULL
"12","791","1557",NULL
"13","100404","3650",NULL
"14","78093","3439",NULL
"15","48133","3538",NULL
"16","1669","2787",NULL
"17","4600","1033",NULL
"18","46869","891",NULL
"19","66336","3278",NULL
"20","5093","1196",NULL
"21","1065","2368",NULL
"22","764","2562",NULL
"23","1457","1725",NULL
"24","1221","2712",NULL
"25","561","3445",NULL
"26","326","257",NULL
"27","44032","3101",NULL
"28","57463","736",NULL
"29","41977","2879",NULL
"30","101604","3392",NULL
"31","178","902",NULL
"32","268","386",NULL
"33","100516","3215",NULL
"34","4770","612",NULL
"35","528","2296",NULL
"36","1522","2420",NULL
"37","1159","2523",NULL
"38","5507","1266",NULL
"39","41685","3367",NULL
"40","432","913",NULL
"41","490","1177",NULL
"42","1084","2342",NULL
"43","994","1131",NULL
"44","925","1073",NULL
"45","1704","1752",NULL
"46","1754","2790",NULL
"47","344","1264",NULL
"48","219","387",NULL
"49","1591","1267",NULL
"50","44245","1074",NULL
"51","100028","3626",NULL
"52","900","1075",NULL
"53","97420","3507",NULL
"54","48274","1076",NULL
"55","111556","892",NULL
"56","508","1156",NULL
"57","48343","3451",NULL
"58","4760","3051",NULL
"59","606","1370",NULL
"60","433","915",NULL
"61","1183","3566",NULL
"62","5237","1350",NULL
"63","69162","3316",NULL
"64","4664","2740",NULL
"65","57779","737",NULL
"66","1047","3017",NULL
"67","47253","2983",NULL
"68","70627","3354",NULL
"69","1004","1144",NULL
"70","214","282",NULL
"71","329","1162",NULL
"72","688","986",NULL
"73","45901","196",NULL
"74","117","961",NULL
"75","4741","554",NULL
"76","70872","3399",NULL
"77","974","1054",NULL
"78","184","390",NULL
"79","1469","1709",NULL
"80","261","971",NULL
"81","396","812",NULL
"82","299","290",NULL
"83","4771","613",NULL
"84","4720","575",NULL
"85","4742","555",NULL
"86","97830","3638",NULL
"87","690","2568",NULL
"88","100421","3591",NULL
"89","100299","391",NULL
"90","4943","3294",NULL
"91","60189","738",NULL
"92","1162","132",NULL
"93","70889","562",NULL
"94","66322","1182",NULL
"95","3202","353",NULL
"96","1456","1719",NULL
"97","1384","2094",NULL
"98","905","1077",NULL
"99","1341","654",NULL
"100","60584","3723",NULL
"101","100420","3592",NULL
"102","591","1371",NULL
"103","544","2297",NULL
"104","213","2256",NULL
"105","59554","3244",NULL
"106","6304","197",NULL
"107","68346","1294",NULL
"108","60803","2362",NULL
"109","44051","2684",NULL
"110","1473","595",NULL
"111","66324","1197",NULL
"112","1578","1268",NULL
"113","269","1",NULL
"114","112059","656",NULL
"115","434","917",NULL
"116","4656","1329",NULL
"117","156","863",NULL
"118","138","395",NULL
"119","100236","3611",NULL
"120","991","1117",NULL
"121","69672","3345",NULL
"122","998","1139",NULL
"123","4608","2547",NULL
"124","2798","374",NULL
"125","44888","134",NULL
"126","41596","198",NULL
"127","481","957",NULL
"128","1502","2435",NULL
"129","95000","1172",NULL
"130","1046","2349",NULL
"131","435","918",NULL
"132","1181","135",NULL
"133","57546","741",NULL
"134","142","864",NULL
"135","285","397",NULL
"136","436","919",NULL
"137","501","893",NULL
"138","54725","2762",NULL
"139","44029","2384",NULL
"140","835","2884",NULL
"141","872","1607",NULL
"142","244","398",NULL
"143","1286","3598",NULL
"144","100422","3691",NULL
"145","100238","3602",NULL
"146","60769","743",NULL
"147","97667","3243",NULL
"148","1145","2213",NULL
"149","755","1638",NULL
"150","44591","3740",NULL
"151","1693","399",NULL
"152","1200","138",NULL
"153","84892","2369",NULL
"154","45906","199",NULL
"155","806","305",NULL
"156","69984","1973",NULL
"157","1739","1766",NULL
"158","1278","660",NULL
"159","1668","1732",NULL
"160","765","1372",NULL
"161","41777","1779",NULL
"162","398","814",NULL
"163","151","400",NULL
"164","1420","3696",NULL
"165","44162","1650",NULL
"166","1255","661",NULL
"167","345","1186",NULL
"168","42009","2885",NULL
"169","1634","2500",NULL
"170","44264","2722",NULL
"171","167","904",NULL
"172","1670","1734",NULL
"173","484","958",NULL
"174","98189","3594",NULL
"175","333","274",NULL
"176","6199","2009",NULL
"177","71074","3400",NULL
"178","1503","3151",NULL
"179","44089","1668",NULL
"180","2776","340",NULL
"181","100009","3585",NULL
"182","1635","1786",NULL
"183","1201","139",NULL
"184","57226","747",NULL
"185","69369","3577",NULL
"186","45912","202",NULL
"187","926","1079",NULL
"188","74495","3391",NULL
"189","1040","2968",NULL
"190","4033","662",NULL
"191","1007","1360",NULL
"192","44875","3067",NULL
"193","451","2084",NULL
"194","74729","2886",NULL
"195","401","818",NULL
"196","4719","577",NULL
"197","47167","403",NULL
"198","1309","663",NULL
"199","402","819",NULL
"200","4704","564",NULL
"201","71796","3319",NULL
"202","1629","1271",NULL
"203","1728","404",NULL
"204","58690","3361",NULL
"205","3222","356",NULL
"206","609","2963",NULL
"207","41327","2032",NULL
"208","44859","3045",NULL
"209","286","405",NULL
"210","1086","2339",NULL
"211","71107","3324",NULL
"212","691","2549",NULL
"213","1636","2295",NULL
"214","57081","664",NULL
"215","403","820",NULL
"216","188","406",NULL
"217","1356","665",NULL
"218","1225","2571",NULL
"219","702","987",NULL
"220","1694","407",NULL
"221","1001","1142",NULL
"222","1042","2859",NULL
"223","220","301",NULL
"224","68636","2217",NULL
"225","1740","1767",NULL
"226","1171","141",NULL
"227","96442","3550",NULL
"228","173","905",NULL
"229","100418","3649",NULL
"230","41954","2888",NULL
"231","107679","3530",NULL
"232","111110","988",NULL
"233","44614","1495",NULL
"234","652","2565",NULL
"235","5095","1224",NULL
"236","871","1608",NULL
"237","169","906",NULL
"238","1175","142",NULL
"239","370","315",NULL
"240","97402","1727",NULL
"241","57382","748",NULL
"242","298","291",NULL
"243","102554","3474",NULL
"244","1076","2350",NULL
"245","115250","3672",NULL
"246","1649","1499",NULL
"247","363","1161",NULL
"248","1303","668",NULL
"249","60581","750",NULL
"250","47476","1651",NULL
"251","627","2737",NULL
"252","100208","2961",NULL
"253","4874","545",NULL
"254","4756","608",NULL
"255","4755","1527",NULL
"256","2311","258",NULL
"257","43947","2889",NULL
"258","1471","1710",NULL
"259","103","408",NULL
"260","266","974",NULL
"261","233","2169",NULL
"262","745","1337",NULL
"263","2778","341",NULL
"264","69680","3381",NULL
"265","144","866",NULL
"266","1628","1272",NULL
"267","44050","410",NULL
"268","615","989",NULL
"269","1274","670",NULL
"270","849","1590",NULL
"271","768","1669",NULL
"272","505","894",NULL
"273","1176","143",NULL
"274","3215","354",NULL
"275","1671","1735",NULL
"276","71462","3542",NULL
"277","1637","2842",NULL
"278","100459","3459",NULL
"279","375","2504",NULL
"280","1104","1291",NULL
"281","1202","2101",NULL
"282","83789","3468",NULL
"283","47677","1653",NULL
"284","115982","3698",NULL
"285","45477","2962",NULL
"286","44616","1492",NULL
"287","100711","8",NULL
"288","57233","751",NULL
"289","86061","3520",NULL
"290","41295","205",NULL
"291","45911","206",NULL
"292","5235","1349",NULL
"293","287","413",NULL
"294","792","1342",NULL
"295","90599","1034",NULL
"296","807","306",NULL
"297","98","415",NULL
"298","756","1639",NULL
"299","3217","355",NULL
"300","979","1059",NULL
"301","470","945",NULL
"302","1069","3046",NULL
"303","1051","2370",NULL
"304","1052","2329",NULL
"305","372","1243",NULL
"306","804","307",NULL
"307","2784","342",NULL
"308","4603","578",NULL
"309","1595","1273",NULL
"310","992","1115",NULL
"311","100271","3293",NULL
"312","57690","2073",NULL
"313","124","1424",NULL
"314","437","922",NULL
"315","1474","596",NULL
"316","380","975",NULL
"317","5499","639",NULL
"318","1524","2422",NULL
"319","56494","1210",NULL
"320","1599","1274",NULL
"321","59886","3363",NULL
"322","1357","671",NULL
"323","1375","27",NULL
"324","95002","1195",NULL
"325","104","417",NULL
"326","91197","3536",NULL
"327","530","2299",NULL
"328","1672","1736",NULL
"329","1544","2450",NULL
"330","1335","673",NULL
"331","1191","144",NULL
"332","3216","357",NULL
"333","5197","418",NULL
"334","56906","3537",NULL
"335","1717","1304",NULL
"336","1452","1715",NULL
"337","1334","1314",NULL
"338","1012","1124",NULL
"339","100424","3622",NULL
"340","170","907",NULL
"341","41598","207",NULL
"342","1310","674",NULL
"343","405","822",NULL
"344","407","823",NULL
"345","4724","580",NULL
"346","183","419",NULL
"347","1651","1445",NULL
"348","545","2300",NULL
"349","907","1083",NULL
"350","980","2891",NULL
"351","44367","30",NULL
"352","1686","1746",NULL
"353","2368","923",NULL
"354","601","1376",NULL
"355","45909","208",NULL
"356","45913","209",NULL
"357","46281","1084",NULL
"358","4660","2739",NULL
"359","1482","2239",NULL
"360","556","2301",NULL
"361","102725","3640",NULL
"362","1087","2340",NULL
"363","43960","1332",NULL
"364","1277","675",NULL
"365","439","924",NULL
"366","70900","1066",NULL
"367","97833","3636",NULL
"368","101606","3661",NULL
"369","408","824",NULL
"370","1172","3134",NULL
"371","411","2167",NULL
"372","952","1035",NULL
"373","100610","2926",NULL
"374","41600","210",NULL
"375","940","1085",NULL
"376","5497","1488",NULL
"377","334","275",NULL
"378","706","992",NULL
"379","4773","616",NULL
"380","128","421",NULL
"381","440","926",NULL
"382","1673","1341",NULL
"383","687","3425",NULL
"384","113","962",NULL
"385","468","946",NULL
"386","48905","1724",NULL
"387","409","825",NULL
"388","550","2303",NULL
"389","231","3590",NULL
"390","748","1630",NULL
"391","771","1671",NULL
"392","698","2950",NULL
"393","44258","3111",NULL
"394","441","1425",NULL
"395","44076","1654",NULL
"396","154","867",NULL
"397","503","897",NULL
"398","97697","3741",NULL
"399","757","1640",NULL
"400","43953","425",NULL
"401","1158","147",NULL
"402","57582","1132",NULL
"403","232","424",NULL
"404","904","1086",NULL
"405","47592","1122",NULL
"406","102395","3658",NULL
"407","1163","148",NULL
"408","3156","375",NULL
"409","699","993",NULL
"410","928","3140",NULL
"411","45895","212",NULL
"412","1566","2462",NULL
"413","641","994",NULL
"414","70830","2149",NULL
"415","166","909",NULL
"416","932","1088",NULL
"417","304","1234",NULL
"418","155","427",NULL
"419","613","995",NULL
"420","88","428",NULL
"421","1674","1738",NULL
"422","3237","369",NULL
"423","4776","619",NULL
"424","5783","3714",NULL
"425","1638","3090",NULL
"426","654","879",NULL
"427","710","2710",NULL
"428","750","3506",NULL
"429","1413","22",NULL
"430","100120","3688",NULL
"431","1023","2564",NULL
"432","45890","213",NULL
"433","1525","2423",NULL
"434","100789","3057",NULL
"435","157","430",NULL
"436","243","852",NULL
"437","1203","149",NULL
"438","532","2305",NULL
"439","97534","3309",NULL
"440","4725","582",NULL
"441","410","826",NULL
"442","1726","1311",NULL
"443","45894","214",NULL
"444","5058","2928",NULL
"445","44272","3113",NULL
"446","629","996",NULL
"447","1324","678",NULL
"448","908","1090",NULL
"449","964","1047",NULL
"450","953","1036",NULL
"451","899","1091",NULL
"452","101134","976",NULL
"453","60631","3194",NULL
"454","5500","1491",NULL
"455","382","977",NULL
"456","60800","3427",NULL
"457","237","431",NULL
"458","977","1057",NULL
"459","5285","679",NULL
"460","968","1050",NULL
"461","903","1092",NULL
"462","70652","3238",NULL
"463","630","997",NULL
"464","695","998",NULL
"465","1639","2473",NULL
"466","4705","1467",NULL
"467","1079","2343",NULL
"468","47028","3004",NULL
"469","216","283",NULL
"470","1030","1967",NULL
"471","212","284",NULL
"472","88367","3477",NULL
"473","153","868",NULL
"474","97412","1726",NULL
"475","58371","3267",NULL
"476","227","432",NULL
"477","105043","3701",NULL
"478","87378","3682",NULL
"479","1297","681",NULL
"480","60359","756",NULL
"481","293","293",NULL
"482","1022","2567",NULL
"483","412","827",NULL
"484","603","1382",NULL
"485","933","1093",NULL
"486","1307","682",NULL
"487","464","947",NULL
"488","95003","1226",NULL
"489","1687","1747",NULL
"490","442","929",NULL
"491","413","828",NULL
"492","43957","435",NULL
"493","84890","1295",NULL
"494","1106","2367",NULL
"495","1675","1344",NULL
"496","1505","2438",NULL
"497","774","1673",NULL
"498","80982","3584",NULL
"499","88087","3049",NULL
"500","414","829",NULL
"501","44596","2320",NULL
"502","4636","2720",NULL
"503","859","1617",NULL
"504","655","880",NULL
"505","136","436",NULL
"506","1460","598",NULL
"507","1650","547",NULL
"508","236","437",NULL
"509","83171","3484",NULL
"510","20522","155",NULL
"511","1365","2948",NULL
"512","4711","1468",NULL
"513","60482","757",NULL
"514","70292","3156",NULL
"515","1037","2332",NULL
"516","4777","620",NULL
"517","1446","1701",NULL
"518","562","3380",NULL
"519","873","1609",NULL
"520","495","1212",NULL
"521","2779","343",NULL
"522","1662","548",NULL
"523","108","963",NULL
"524","99","439",NULL
"525","43185","683",NULL
"526","1077","2346",NULL
"527","4632","1364",NULL
"528","4638","2719",NULL
"529","1540","2448",NULL
"530","472","948",NULL
"531","821","328",NULL
"532","1404","2",NULL
"533","1735","441",NULL
"534","102228","930",NULL
"535","3159","376",NULL
"536","1439","1292",NULL
"537","1545","2451",NULL
"538","57404","3362",NULL
"539","100172","3637",NULL
"540","70864","3341",NULL
"541","48275","3094",NULL
"542","2309","442",NULL
"543","1055","2330",NULL
"544","1764","1778",NULL
"545","1006","1997",NULL
"546","97317","3568",NULL
"547","66325","1242",NULL
"548","364","276",NULL
"549","936","1094",NULL
"550","922","1095",NULL
"551","781","1675",NULL
"552","70895","3174",NULL
"553","62885","3044",NULL
"554","948","1096",NULL
"555","1442","1685",NULL
"556","100380","3570",NULL
"557","473","949",NULL
"558","916","1097",NULL
"559","292","295",NULL
"560","300","294",NULL
"561","1685","1745",NULL
"562","118","443",NULL
"563","60641","3360",NULL
"564","1641","2967",NULL
"565","98121","3549",NULL
"566","485","960",NULL
"567","1207","1308",NULL
"568","1765","3196",NULL
"569","92852","3597",NULL
"570","60642","3213",NULL
"571","3214","358",NULL
"572","869","1612",NULL
"573","1627","1276",NULL
"574","260","978",NULL
"575","1075","2358",NULL
"576","273","444",NULL
"577","1205","157",NULL
"578","1642","1345",NULL
"579","3220","359",NULL
"580","306","1259",NULL
"581","60066","759",NULL
"582","41265","2606",NULL
"583","1411","3240",NULL
"584","1024","1385",NULL
"585","97533","3613",NULL
"586","98573","3567",NULL
"587","47343","21",NULL
"588","274","446",NULL
"589","70202","3665",NULL
"590","88854","2469",NULL
"591","114136","3620",NULL
"592","1751","2793",NULL
"593","415","830",NULL
"594","879","1387",NULL
"595","632","1003",NULL
"596","1506","3700",NULL
"597","4807","621",NULL
"598","475","950",NULL
"599","443","932",NULL
"600","1714","1755",NULL
"601","1477","600",NULL
"602","115","964",NULL
"603","41609","217",NULL
"604","58004","760",NULL
"605","416","831",NULL
"606","45904","216",NULL
"607","190","449",NULL
"608","921","1098",NULL
"609","100","450",NULL
"610","1392","38",NULL
"611","44612","3117",NULL
"612","982","1062",NULL
"613","1507","2440",NULL
"614","100733","3287",NULL
"615","1014","1121",NULL
"616","858","1619",NULL
"617","650","882",NULL
"618","43687","2939",NULL
"619","94999","1153",NULL
"620","98128","3607",NULL
"621","563","1390",NULL
"622","327","259",NULL
"623","3154","377",NULL
"624","1661","1438",NULL
"625","1206","3063",NULL
"626","1587","1277",NULL
"627","693","3505",NULL
"628","1643","3021",NULL
"629","44590","2307",NULL
"630","417","832",NULL
"631","1546","2452",NULL
"632","252","451",NULL
"633","1454","1717",NULL
"634","1376","25",NULL
"635","1510","1463",NULL
"636","996","329",NULL
"637","83388","3635",NULL
"638","4597","2557",NULL
"639","506","899",NULL
"640","1066","2364",NULL
"641","97835","3639",NULL
"642","782","1677",NULL
"643","4639","1357",NULL
"644","1569","2465",NULL
"645","1020","1393",NULL
"646","808","309",NULL
"647","73365","3372",NULL
"648","783","1678",NULL
"649","283","453",NULL
"650","168","455",NULL
"651","127","456",NULL
"652","101483","3395",NULL
"653","246","854",NULL
"654","278","457",NULL
"655","5489","2931",NULL
"656","803","316",NULL
"657","1117","2028",NULL
"658","41183","2899",NULL
"659","41606","2749",NULL
"660","4743","556",NULL
"661","1705","1753",NULL
"662","365","277",NULL
"663","619","1004",NULL
"664","3197","360",NULL
"665","57279","3383",NULL
"666","3234","2876",NULL
"667","465","951",NULL
"668","419","834",NULL
"669","47851","1702",NULL
"670","1677","1741",NULL
"671","2543","459",NULL
"672","989","1129",NULL
"673","809","310",NULL
"674","1032","2354",NULL
"675","44074","1656",NULL
"676","810","311",NULL
"677","4809","623",NULL
"678","420","835",NULL
"679","4810","624",NULL
"680","99746","331",NULL
"681","1311","686",NULL
"682","308","1150",NULL
"683","4713","565",NULL
"684","5248","1348",NULL
"685","57217","764",NULL
"686","57464","765",NULL
"687","44594","2972",NULL
"688","987","1128",NULL
"689","48340","2381",NULL
"690","41294","220",NULL
"691","44053","3389",NULL
"692","1005","2014",NULL
"693","657","3426",NULL
"694","129","461",NULL
"695","1304","1298",NULL
"696","69942","3286",NULL
"697","5459","2496",NULL
"698","310","1178",NULL
"699","41097","3338",NULL
"700","385","980",NULL
"701","330","278",NULL
"702","60806","2869",NULL
"703","758","1641",NULL
"704","579","1394",NULL
"705","1501","2434",NULL
"706","116","965",NULL
"707","822","332",NULL
"708","4744","3344",NULL
"709","70893","3183",NULL
"710","4706","566",NULL
"711","4661","2724",NULL
"712","598","1395",NULL
"713","552","2308",NULL
"714","100246","164",NULL
"715","1164","165",NULL
"716","1039","2359",NULL
"717","57653","767",NULL
"718","185","465",NULL
"719","57273","768",NULL
"720","1279","689",NULL
"721","1190","166",NULL
"722","4727","584",NULL
"723","96443","3654",NULL
"724","247","856",NULL
"725","1272","690",NULL
"726","625","2734",NULL
"727","41620","256",NULL
"728","1606","1279",NULL
"729","226","303",NULL
"730","686","1006",NULL
"731","798","317",NULL
"732","89477","3469",NULL
"733","799","318",NULL
"734","988","1127",NULL
"735","548","2309",NULL
"736","2783","346",NULL
"737","1173","2494",NULL
"738","211","286",NULL
"739","378","319",NULL
"740","97288","3605",NULL
"741","714","1634",NULL
"742","1389","15",NULL
"743","642","1323",NULL
"744","3170","378",NULL
"745","759","1657",NULL
"746","1395","16",NULL
"747","4707","567",NULL
"748","746","1352",NULL
"749","296","297",NULL
"750","1088","2334",NULL
"751","945","1101",NULL
"752","98135","3394",NULL
"753","5249","1343",NULL
"754","446","935",NULL
"755","1227","1397",NULL
"756","937","1102",NULL
"757","535","2310",NULL
"758","57352","769",NULL
"759","4637","2741",NULL
"760","69699","3379",NULL
"761","71434","3232",NULL
"762","61076","2902",NULL
"763","47683","467",NULL
"764","805","312",NULL
"765","536","2311",NULL
"766","850","1591",NULL
"767","97867","3641",NULL
"768","4634","1359",NULL
"769","1547","2453",NULL
"770","560","2873",NULL
"771","45892","221",NULL
"772","1249","693",NULL
"773","377","1175",NULL
"774","1214","2524",NULL
"775","604","1399",NULL
"776","1731","468",NULL
"777","1057","2866",NULL
"778","452","2322",NULL
"779","927","3195",NULL
"780","44598","1400",NULL
"781","110482","1007",NULL
"782","2733","347",NULL
"783","580","1401",NULL
"784","784","1402",NULL
"785","41614","222",NULL
"786","1753","2789",NULL
"787","909","1103",NULL
"788","4710","1475",NULL
"789","1359","694",NULL
"790","94","167",NULL
"791","289","472",NULL
"792","146","870",NULL
"793","1548","2454",NULL
"794","458","2323",NULL
"795","45900","223",NULL
"796","1445","1703",NULL
"797","100171","3135",NULL
"798","41608","225",NULL
"799","4702","568",NULL
"800","422","837",NULL
"801","311","1151",NULL
"802","1199","2993",NULL
"803","1438","1692",NULL
"804","423","838",NULL
"805","1570","2466",NULL
"806","57378","775",NULL
"807","43951","474",NULL
"808","4635","2723",NULL
"809","57565","1118",NULL
"810","49892","3722",NULL
"811","97259","3608",NULL
"812","969","1051",NULL
"813","537","2312",NULL
"814","6267","224",NULL
"815","135","475",NULL
"816","1315","695",NULL
"817","97423","1729",NULL
"818","88029","3522",NULL
"819","47563","2946",NULL
"820","1592","1280",NULL
"821","350","1247",NULL
"822","100340","3703",NULL
"823","708","1008",NULL
"824","852","1404",NULL
"825","41430","2341",NULL
"826","354","1149",NULL
"827","248","857",NULL
"828","114175","3301",NULL
"829","6690","226",NULL
"830","249","858",NULL
"831","1597","2542",NULL
"832","379","1261",NULL
"833","1549","2455",NULL
"834","1715","2812",NULL
"835","84","477",NULL
"836","4709","569",NULL
"837","955","1038",NULL
"838","1149","170",NULL
"839","424","839",NULL
"840","787","1680",NULL
"841","229","478",NULL
"842","69726","3290",NULL
"843","910","1104",NULL
"844","689","1335",NULL
"845","1090","2328",NULL
"846","44381","18",NULL
"847","1527","2425",NULL
"848","1644","2875",NULL
"849","1074","2361",NULL
"850","56501","1244",NULL
"851","1013","1123",NULL
"852","76031","3336",NULL
"853","990","1130",NULL
"854","250","859",NULL
"855","41603","227",NULL
"856","425","840",NULL
"857","4590","1339",NULL
"858","623","1012",NULL
"859","1059","2355",NULL
"860","1761","1775",NULL
"861","3218","361",NULL
"862","102153","3616",NULL
"863","1509","2442",NULL
"864","290","479",NULL
"865","1041","2331",NULL
"866","4708","570",NULL
"867","58003","778",NULL
"868","69727","3129",NULL
"869","101364","3674",NULL
"870","57402","779",NULL
"871","75341","3588",NULL
"872","1003","1143",NULL
"873","42010","2906",NULL
"874","1146","171",NULL
"875","1645","2874",NULL
"876","920","1106",NULL
"877","6750","480",NULL
"878","902","1107",NULL
"879","106818","3572",NULL
"880","5496","1487",NULL
"881","600","1407",NULL
"882","2797","379",NULL
"883","90302","697",NULL
"884","1343","698",NULL
"885","956","1039",NULL
"886","815","269",NULL
"887","91","483",NULL
"888","172","484",NULL
"889","493","1255",NULL
"890","1025","2748",NULL
"891","704","2977",NULL
"892","970","1052",NULL
"893","4728","585",NULL
"894","1440","1429",NULL
"895","97535","3609",NULL
"896","1208","172",NULL
"897","1252","700",NULL
"898","1261","701",NULL
"899","66328","1235",NULL
"900","4813","628",NULL
"901","5097","1192",NULL
"902","3239","2958",NULL
"903","1511","602",NULL
"904","297","486",NULL
"905","582","1408",NULL
"906","431","938",NULL
"907","3223","362",NULL
"908","97510","3189",NULL
"909","1551","2457",NULL
"910","126","487",NULL
"911","41594","230",NULL
"912","2799","380",NULL
"913","71041","1707",NULL
"914","1759","1773",NULL
"915","97404","3429",NULL
"916","102054","785",NULL
"917","634","1014",NULL
"918","251","860",NULL
"919","97384","3617",NULL
"920","1552","2458",NULL
"921","368","3147",NULL
"922","1512","603",NULL
"923","449","939",NULL
"924","57033","3251",NULL
"925","253","861",NULL
"926","130","488",NULL
"927","1521","2419",NULL
"928","41298","231",NULL
"929","100029","3694",NULL
"930","45908","232",NULL
"931","1646","1972",NULL
"932","1282","2981",NULL
"933","328","260",NULL
"934","1160","173",NULL
"935","101516","3657",NULL
"936","509","1206",NULL
"937","43967","31",NULL
"938","97286","3618",NULL
"939","1028","2865",NULL
"940","1528","2426",NULL
"941","5246","1361",NULL
"942","1193","174",NULL
"943","1421","29",NULL
"944","1010","1119",NULL
"945","1390","23",NULL
"946","3565","940",NULL
"947","87","489",NULL
"948","1273","705",NULL
"949","1741","1768",NULL
"950","92","490",NULL
"951","43954","491",NULL
"952","538","2314",NULL
"953","70654","14",NULL
"954","494","1214",NULL
"955","1514","2443",NULL
"956","100427","1040",NULL
"957","312","1249",NULL
"958","1443","1696",NULL
"959","1513","604",NULL
"960","2544","586",NULL
"961","861","1622",NULL
"962","1721","1761",NULL
"963","102263","2909",NULL
"964","239","492",NULL
"965","622","1353",NULL
"966","1322","706",NULL
"967","3181","381",NULL
"968","101","493",NULL
"969","66331","1225",NULL
"970","958","1041",NULL
"971","113649","3615",NULL
"972","454","3662",NULL
"973","97868","3337",NULL
"974","1147","177",NULL
"975","1391","40",NULL
"976","1396","7",NULL
"977","6302","235",NULL
"978","1148","176",NULL
"979","1325","786",NULL
"980","44386","2927",NULL
"981","938","1108",NULL
"982","1652","1996",NULL
"983","1647","2998",NULL
"984","1170","178",NULL
"985","47385","179",NULL
"986","3232","370",NULL
"987","539","2315",NULL
"988","100121","3645",NULL
"989","100447","3559",NULL
"990","709","1016",NULL
"991","57559","788",NULL
"1378","137704","4102",NULL
"993","1165","180",NULL
"994","131","496",NULL
"995","878","1602",NULL
"996","43770","2922",NULL
"997","785","1603",NULL
"998","386","982",NULL
"999","760","1642",NULL
"1000","944","1109",NULL
"1001","84889","2335",NULL
"1002","1342","707",NULL
"1003","846","1592",NULL
"1004","104235","2925",NULL
"1005","4666","1356",NULL
"1006","41604","236",NULL
"1007","1256","2609",NULL
"1008","41923","3667",NULL
"1009","1422","4",NULL
"1010","59856","3531",NULL
"1011","4604","587",NULL
"1012","1589","1281",NULL
"1013","3182","3685",NULL
"1014","540","3634",NULL
"1015","1119","1204",NULL
"1016","47838","1430",NULL
"1017","1692","498",NULL
"1018","59857","3563",NULL
"1019","1275","709",NULL
"1020","4729","588",NULL
"1021","280","499",NULL
"1022","1554","2460",NULL
"1023","1653","2924",NULL
"1024","1000","1138",NULL
"1025","94090","3160",NULL
"1026","95001","1231",NULL
"1027","671","500",NULL
"1028","5370","711",NULL
"1029","44595","1282",NULL
"1030","186","501",NULL
"1031","1298","712",NULL
"1032","66334","1191",NULL
"1033","801","320",NULL
"1034","1223","2570",NULL
"1035","60910","3197",NULL
"1036","1312","713",NULL
"1037","1317","714",NULL
"1038","66335","1213",NULL
"1039","4740","558",NULL
"1040","685","2574",NULL
"1041","100379","3571",NULL
"1042","109","967",NULL
"1043","941","2376",NULL
"1044","99922","3712",NULL
"1045","5117","2292",NULL
"1046","44880","3168",NULL
"1047","635","1018",NULL
"1048","1250","715",NULL
"1049","5259","716",NULL
"1050","644","1019",NULL
"1051","61970","2911",NULL
"1052","357","3532",NULL
"1053","1179","183",NULL
"1054","393","3402",NULL
"1055","272","504",NULL
"1056","56299","2766",NULL
"1057","1720","1760",NULL
"1058","645","1020",NULL
"1059","959","1042",NULL
"1060","555","2316",NULL
"1061","90957","3490",NULL
"1062","325","1158",NULL
"1063","65767","3106",NULL
"1064","218","288",NULL
"1065","44065","505",NULL
"1066","5494","1485",NULL
"1067","96412","3619",NULL
"1068","1280","718",NULL
"1069","71455","3031",NULL
"1070","666","2738",NULL
"1071","44269","1330",NULL
"1072","1580","1460",NULL
"1073","44385","3239",NULL
"1074","1161","2938",NULL
"1075","76375","3055",NULL
"1076","847","1593",NULL
"1077","97427","3595",NULL
"1078","366","279",NULL
"1079","1700","1748",NULL
"1080","230","507",NULL
"1081","626","1022",NULL
"1082","583","1409",NULL
"1083","313","1211",NULL
"1084","89337","793",NULL
"1085","887","1283",NULL
"1086","94092","3680",NULL
"1087","960","1043",NULL
"1088","1458","1722",NULL
"1089","45385","3483",NULL
"1090","1194","185",NULL
"1091","1034","2351",NULL
"1092","1228","1411",NULL
"1093","44267","2733",NULL
"1094","387","3042",NULL
"1095","5464","1179",NULL
"1096","57883","794",NULL
"1097","60896","1431",NULL
"1098","1072","2345",NULL
"1099","45082","2970",NULL
"1100","1295","719",NULL
"1101","314","1230",NULL
"1102","351","1181",NULL
"1103","119","2969",NULL
"1104","4745","559",NULL
"1105","41966","2913",NULL
"1106","457","943",NULL
"1107","929","3467",NULL
"1108","44565","3191",NULL
"1109","1719","2868",NULL
"1110","87513","3716",NULL
"1111","3224","363",NULL
"1112","860","1625",NULL
"1113","5284","722",NULL
"1114","41435","1414",NULL
"1115","85813","3448",NULL
"1116","47858","1700",NULL
"1117","828","334",NULL
"1118","49937","845",NULL
"1119","1195","187",NULL
"1120","44078","1661",NULL
"1121","621","3187",NULL
"1122","761","1644",NULL
"1123","3221","364",NULL
"1124","106389","3697",NULL
"1125","46289","3145",NULL
"1126","46776","1723",NULL
"1127","57570","3123",NULL
"1128","3238","371",NULL
"1129","132","510",NULL
"1130","1301","723",NULL
"1131","20536","3110",NULL
"1132","588","3248",NULL
"1133","1018","1146",NULL
"1134","636","1023",NULL
"1135","150","872",NULL
"1136","1571","2467",NULL
"1137","133","511",NULL
"1138","743","1635",NULL
"1139","1153","189",NULL
"1140","66364","3702",NULL
"1141","60634","3237",NULL
"1142","79776","1320",NULL
"1143","49350","2877",NULL
"1144","44081","1662",NULL
"1145","4768","632",NULL
"1146","60909","2360",NULL
"1147","367","280",NULL
"1148","57026","1432",NULL
"1149","882","3503",NULL
"1150","1257","725",NULL
"1151","1371","36",NULL
"1152","175","910",NULL
"1153","47844","1705",NULL
"1154","1429","1912",NULL
"1155","179","514",NULL
"1156","84165","3473",NULL
"1157","1660","1437",NULL
"1158","584","1418",NULL
"1159","4714","571",NULL
"1160","335","1187",NULL
"1161","66365","3564",NULL
"1162","1043","3158",NULL
"1163","295","515",NULL
"1164","57669","3365",NULL
"1165","281","516",NULL
"1166","4746","1523",NULL
"1167","1412","5",NULL
"1168","1264","726",NULL
"1169","1139","190",NULL
"1170","474","1241",NULL
"1171","817","270",NULL
"1172","825","335",NULL
"1173","851","1595",NULL
"1174","112","969",NULL
"1175","56502","2987",NULL
"1176","41607","2752",NULL
"1177","1316","727",NULL
"1178","41478","728",NULL
"1179","881","3693",NULL
"1180","3235","372",NULL
"1181","45903","238",NULL
"1182","984","1125",NULL
"1183","4715","572",NULL
"1184","46284","2380",NULL
"1185","97574","3519",NULL
"1186","43470","1026",NULL
"1187","752","2560",NULL
"1188","100175","2123",NULL
"1189","71428","2444",NULL
"1190","41612","239",NULL
"1191","843","1663",NULL
"1192","47269","3148",NULL
"1193","1441","1690",NULL
"1194","101506","3557",NULL
"1195","45898","240",NULL
"1196","2780","349",NULL
"1197","4035","2933",NULL
"1198","589","1419",NULL
"1199","753","1637",NULL
"1200","69732","1963",NULL
"1201","5096","1229",NULL
"1202","1684","1744",NULL
"1203","57232","801",NULL
"1204","60596","802",NULL
"1205","5498","644",NULL
"1206","2726","1770",NULL
"1207","1258","730",NULL
"1208","84225","3480",NULL
"1209","659","887",NULL
"1210","1226","2711",NULL
"1211","3155","384",NULL
"1212","1355","731",NULL
"1213","1529","2427",NULL
"1214","978","1058",NULL
"1215","1480","1714",NULL
"1216","762","1646",NULL
"1217","41602","241",NULL
"1218","546","2317",NULL
"1219","1196","192",NULL
"1220","97669","3601",NULL
"1221","1337","3002",NULL
"1222","703","2729",NULL
"1223","1011","1120",NULL
"1224","90446","3146",NULL
"1225","60666","254",NULL
"1226","971","1053",NULL
"1227","91378","3543",NULL
"1228","469","954",NULL
"1229","97418","3339",NULL
"1230","102","519",NULL
"1231","60588","3382",NULL
"1232","5258","3186",NULL
"1233","279","520",NULL
"1234","394","849",NULL
"1235","802","321",NULL
"1236","2786","350",NULL
"1237","158","873",NULL
"1238","1358","733",NULL
"1239","585","1421",NULL
"1240","101149","19",NULL
"1241","45893","243",NULL
"1242","5291","1297",NULL
"1243","41296","244",NULL
"1244","44266","1331",NULL
"1245","346","1155",NULL
"1246","43970","32",NULL
"1247","1224","2569",NULL
"1248","911","1111",NULL
"1249","97","523",NULL
"1250","1706","524",NULL
"1251","147","525",NULL
"1252","5491","646",NULL
"1253","44085","3546",NULL
"1254","4731","590",NULL
"1255","1588","1284",NULL
"1256","41619","247",NULL
"1257","1531","2429",NULL
"1258","640","1027",NULL
"1259","3236","373",NULL
"1260","66527","1188",NULL
"1261","324","262",NULL
"1262","4703","573",NULL
"1263","1598","1285",NULL
"1264","1444","1328",NULL
"1265","3190","2960",NULL
"1266","41599","248",NULL
"1267","819","338",NULL
"1268","1436","1686",NULL
"1269","754","1645",NULL
"1270","1679","1743",NULL
"1271","59570","1248",NULL
"1272","58897","803",NULL
"1273","223","304",NULL
"1274","1713","1754",NULL
"1275","57377","804",NULL
"1276","1210","2633",NULL
"1277","96411","3705",NULL
"1278","44125","2915",NULL
"1279","347","1223",NULL
"1280","1658","2371",NULL
"1281","1110","2744",NULL
"1282","1470","1712",NULL
"1283","811","271",NULL
"1284","100717","2721",NULL
"1285","1518","2447",NULL
"1286","639","1028",NULL
"1287","2724","351",NULL
"1288","3219","365",NULL
"1289","5462","1218",NULL
"1290","349","1152",NULL
"1291","1656","552",NULL
"1292","69397","3116",NULL
"1293","102053","3734",NULL
"1294","790","1666",NULL
"1295","5493","647",NULL
"1296","5455","1163",NULL
"1297","504","901",NULL
"1298","390","2226",NULL
"1299","1374","9",NULL
"1300","70905","1068",NULL
"1301","60528","253",NULL
"1302","291","530",NULL
"1303","918","1113",NULL
"1304","294","531",NULL
"1305","1697","532",NULL
"1306","1532","2430",NULL
"1307","267","533",NULL
"1308","772","1334",NULL
"1309","43187","1029",NULL
"1310","322","263",NULL
"1311","20530","2975",NULL
"1312","665","2736",NULL
"1313","4732","592",NULL
"1314","44314","1366",NULL
"1315","664","2725",NULL
"1316","660","889",NULL
"1317","628","1030",NULL
"1318","1698","534",NULL
"1319","57597","1290",NULL
"1320","72","536",NULL
"1321","41181","2917",NULL
"1322","69937","3318",NULL
"1323","1083","2366",NULL
"1324","1748","1771",NULL
"1325","1121","2353",NULL
"1326","1663","553",NULL
"1327","102147","3628",NULL
"1328","1596","1287",NULL
"1329","114135","3720",NULL
"1330","1716","1757",NULL
"1331","45896","250",NULL
"1332","60447","807",NULL
"1333","4819","637",NULL
"1334","1078","2374",NULL
"1335","60738","808",NULL
"1336","44613","2545",NULL
"1337","763","1647",NULL
"1338","1590","1288",NULL
"1339","94091","3280",NULL
"1340","848","1596",NULL
"1341","60616","809",NULL
"1342","1064","2373",NULL
"1343","44864","3446",NULL
"1344","5492","648",NULL
"1345","1180","193",NULL
"1346","5495","649",NULL
"1347","145","540",NULL
"1348","44086","2179",NULL
"1349","60848","3314",NULL
"1350","876","1614",NULL
"1351","57642","811",NULL
"1352","5129","3692",NULL
"1353","100419","3478",NULL
"1354","816","273",NULL
"1355","60647","3315",NULL
"1356","1254","734",NULL
"1357","123","970",NULL
"1358","41711","1032",NULL
"1359","133015","3921",NULL
"1360","120","440",NULL
"1361","136807","3917",NULL
"1362","1204","3920",NULL
"1363","123380","3971",NULL
"1364","2540","422",NULL
"1365","41927","423",NULL
"1366","133808","3916",NULL
"1367","44238","3093",NULL
"1368","136967","3822",NULL
"1369","136809","3764",NULL
"1370","48638","3603",NULL
"1371","121628","3765",NULL
"1372","5522","3844",NULL
"1373","44059","3098",NULL
"1374","0","2319","1373"
"1375","0","3699","1360"
"1376","1123","3556",NULL
"1377","0","3521","1376"
"1379","1377","3",NULL
"1380","133789","133",NULL
"1381","1206","159",NULL
"1382","1199","168",NULL
"1383","1161","184",NULL
"1384","4035","191",NULL
"1385","122399","264",NULL
"1386","113559","337",NULL
"1387","1609","542",NULL
"1388","1657","550",NULL
"1389","5149","677",NULL
"1390","67781","735",NULL
"1391","60766","744",NULL
"1392","6462","813",NULL
"1393","521","895",NULL
"1394","617","991",NULL
"1395","707","1001",NULL
"1396","976","1056",NULL
"1397","1640","1114",NULL
"1398","316","1148",NULL
"1399","57570","1202",NULL
"1400","1447","1289",NULL
"1401","1669","1307",NULL
"1402","62624","1312",NULL
"1403","1745","1316",NULL
"1404","605","1367",NULL
"1405","607","1392",NULL
"1406","559","1410",NULL
"1407","599","1413",NULL
"1408","64434","1562",NULL
"1409","41988","1562",NULL
"1410","855","1627",NULL
"1411","751","1633",NULL
"1412","834","1648",NULL
"1413","835","1649",NULL
"1414","780","1674",NULL
"1415","789","1682",NULL
"1416","44125","1683",NULL
"1417","1447","1699",NULL
"1418","1676","1740",NULL
"1419","1702","1750",NULL
"1420","1703","1751",NULL
"1421","1715","1756",NULL
"1422","1719","1759",NULL
"1423","44031","2158",NULL
"1424","1085","2326",NULL
"1425","1085","2544",NULL
"1426","856","2559",NULL
"1427","48342","2634",NULL
"1428","1223","2714",NULL
"1429","75260","2742",NULL
"1430","528","2746",NULL
"1431","549","2747",NULL
"1432","47253","2761",NULL
"1433","1745","2769",NULL
"1434","65450","2772",NULL
"1435","1676","2775",NULL
"1436","834","2881",NULL
"1437","1640","2894",NULL
"1438","880","2908",NULL
"1439","1436","2914",NULL
"1440","605","2923",NULL
"1441","48334","2976",NULL
"1442","4597","2989",NULL
"1443","1017","3080",NULL
"1444","363","3083",NULL
"1445","47646","3099",NULL
"1446","4650","3115",NULL
"1447","617","3121",NULL
"1448","626","3136",NULL
"1449","48134","3137",NULL
"1450","99220","3138",NULL
"1451","753","3157",NULL
"1608","150585","4075",NULL
"1453","88140","3199",NULL
"1454","88140","3203",NULL
"1455","48342","3210",NULL
"1456","42210","3303",NULL
"1457","67388","3308",NULL
"1458","129","3329",NULL
"1459","128990","3409",NULL
"1607","148693","2920",NULL
"1461","122397","3450",NULL
"1462","2542","3454",NULL
"1463","437","3455",NULL
"1464","437","3457",NULL
"1606","48865","3966",NULL
"1466","43268","3481",NULL
"1467","48290","3482",NULL
"1468","1493","3488",NULL
"1469","99919","3528",NULL
"1470","45034","3539",NULL
"1471","137645","3548",NULL
"1472","84918","3548",NULL
"1473","5202","3551",NULL
"1474","99919","3555",NULL
"1475","47645","3562",NULL
"1476","59855","3565",NULL
"1477","71077","3574",NULL
"1478","5198","3593",NULL
"1479","5151","3596",NULL
"1480","1155","3610",NULL
"1481","115982","3612",NULL
"1482","99922","3624",NULL
"1483","136513","3631",NULL
"1484","75819","3643",NULL
"1485","5020","3651",NULL
"1486","137321","3664",NULL
"1487","48781","3671",NULL
"1488","88821","3673",NULL
"1489","448","3687",NULL
"1490","102657","3704",NULL
"1491","43967","3708",NULL
"1492","131598","3742",NULL
"1493","121315","3743",NULL
"1494","110511","3745",NULL
"1495","110784","3746",NULL
"1496","48610","3748",NULL
"1497","100426","3750",NULL
"1498","694","3751",NULL
"1499","122395","3754",NULL
"1500","101364","3755",NULL
"1501","47967","3756",NULL
"1502","102128","3758",NULL
"1503","112062","3759",NULL
"1504","43240","3760",NULL
"1505","138165","3761",NULL
"1506","100546","3769",NULL
"1507","100028","3772",NULL
"1508","1192","3778",NULL
"1509","122609","3779",NULL
"1510","704","3780",NULL
"1511","57057","3781",NULL
"1512","128782","3785",NULL
"1513","70861","3786",NULL
"1514","1192","3787",NULL
"1515","133822","3793",NULL
"1516","130516","3795",NULL
"1517","124885","3802",NULL
"1518","136993","3804",NULL
"1519","44878","3810",NULL
"1520","135932","3813",NULL
"1521","1658","3815",NULL
"1522","137667","3817",NULL
"1523","102052","3831",NULL
"1524","43967","3839",NULL
"1525","137237","3848",NULL
"1526","130802","3857",NULL
"1527","955","3867",NULL
"1528","44145","3869",NULL
"1529","5152","3870",NULL
"1530","136904","3873",NULL
"1531","100635","3875",NULL
"1532","1309","3885",NULL
"1533","142256","3898",NULL
"1534","4651","3902",NULL
"1535","64341","3905",NULL
"1536","130924","3909",NULL
"1537","5186","3919",NULL
"1538","148399","3923",NULL
"1539","4698","3924",NULL
"1540","102657","3925",NULL
"1541","124075","3928",NULL
"1542","136950","3930",NULL
"1543","122791","3931",NULL
"1544","136889","3932",NULL
"1545","1043","3933",NULL
"1546","124075","3935",NULL
"1547","100141","3938",NULL
"1548","136951","3941",NULL
"1549","161","3942",NULL
"1550","133807","3943",NULL
"1551","135339","3947",NULL
"1552","60643","3950",NULL
"1553","60517","3952",NULL
"1554","47018","3953",NULL
"1555","60617","3955",NULL
"1556","41297","3956",NULL
"1557","136990","3961",NULL
"1558","89606","3962",NULL
"1559","136698","3974",NULL
"1560","122211","3976",NULL
"1561","61737","3988",NULL
"1562","135490","3992",NULL
"1563","136706","4004",NULL
"1564","138796","4006",NULL
"1565","140035","4011",NULL
"1566","70201","4016",NULL
"1567","138647","4023",NULL
"1568","60588","4025",NULL
"1569","147808","4026",NULL
"1570","4676","4033",NULL
"1571","138371","4036",NULL
"1572","44373","4038",NULL
"1573","138358","4043",NULL
"1574","657","4048",NULL
"1575","147386","4051",NULL
"1576","137054","4052",NULL
"1577","136309","4053",NULL
"1578","134059","4059",NULL
"1579","947","4064",NULL
"1580","147503","4067",NULL
"1581","146840","4068",NULL
"1582","138371","4069",NULL
"1583","136513","4071",NULL
"1584","100146","4073",NULL
"1585","41429","4075",NULL
"1586","5172","4077",NULL
"1587","103551","4082",NULL
"1588","5125","4083",NULL
"1589","650","4085",NULL
"1590","1056","4086",NULL
"1591","1056","4090",NULL
"1592","147805","4097",NULL
"1593","148162","4098",NULL
"1594","60619","4099",NULL
"1595","80455","4101",NULL
"1596","132996","4104",NULL
"1597","5190","4105",NULL
"1598","88648","4106",NULL
"1599","136969","4107",NULL
"1600","1633","4118",NULL
"1601","6021","289",NULL
"1602","1487","3486",NULL
"1603","139279","4042",NULL
"1604","144514","4070",NULL
"1605","134096","3904",NULL
"1609","155719","4100",NULL
